_id,circle,division,subdivision,section,area,catdesc,catcode,totservices,billdservices,units,load
1,BANJARA HILLS,GREEN LANDS,SANATH NAGAR,SANATHNAGAR,CT METERS,EV CHARGING STATIONS,9,1,1,3000,54.0
2,BANJARA HILLS,GREEN LANDS,SANATH NAGAR,ERRAGADDA,NEW ERRAGADDA,EV CHARGING STATIONS,9,1,1,6340,9.0
3,BANJARA HILLS,BANJARA HILLS,BANJARA HILLS,FILM NAGAR,"CHURCH GULLY,MLA COLONY,APOLO",EV CHARGING STATIONS,9,1,1,2422,55.0
4,BANJARA HILLS,BANJARA HILLS,BANJARA HILLS,FILM NAGAR,GRC HIGH VALUES RDNO-12&13 BAN,EV CHARGING STATIONS,9,1,1,615,54.0
5,BANJARA HILLS,BANJARA HILLS,AMEERPET,SRI KRISHNA NAGAR,CT METERS-GRC,EV CHARGING STATIONS,9,1,1,8606,54.0
6,BANJARA HILLS,BANJARA HILLS,JUBILEE HILLS,JUBILEE HILLS,HV RD NO 39 TO 45 & 54 TO 68,EV CHARGING STATIONS,9,1,1,14,15.0
7,BANJARA HILLS,BANJARA HILLS,JUBILEE HILLS,JUBILEE HILLS,HV ROAD 22 TO 35,EV CHARGING STATIONS,9,1,1,0,50.0
8,BANJARA HILLS,BANJARA HILLS,JUBILEE HILLS,MADHAPUR,"JENCLAVE, GAFOOR,VITTAL NAGAR",EV CHARGING STATIONS,9,3,2,54,128.0
9,BANJARA HILLS,BANJARA HILLS,JUBILEE HILLS,MADHAPUR,KAVURI HILLS,EV CHARGING STATIONS,9,1,1,8008,54.0
10,BANJARA HILLS,GREEN LANDS,GREENLANDS,BEGUMPET,"GRC - P.GADDA, P.NAGAR",EV CHARGING STATIONS,9,1,1,652,10.0
11,BANJARA HILLS,BANJARA HILLS,JUBILEE HILLS,MADHAPUR,"VITTAL RAO NAGAR,GAFOORNAGAR",EV CHARGING STATIONS,9,2,2,0,3.0
12,BANJARA HILLS,GREEN LANDS,GREENLANDS,BEGUMPET,GRC. SHYAMLAL,EV CHARGING STATIONS,9,1,1,1377,22.0
13,BANJARA HILLS,BANJARA HILLS,AMEERPET,YOUSUFGUDA,PRAGATHINAGAR-1,EV CHARGING STATIONS,9,1,1,133,8.0
14,BANJARA HILLS,GREEN LANDS,GREENLANDS,GREENLANDS,GRC HV GREENLANDS,EV CHARGING STATIONS,9,1,1,219,10.0
15,CYBERCITY,KONDAPUR,KONDAPUR,ALLAPUR,H.V,EV CHARGING STATIONS,9,1,1,87,15.0
16,CYBERCITY,KONDAPUR,KONDAPUR,KONDAPUR,HV,EV CHARGING STATIONS,9,1,1,1239,20.0
17,CYBERCITY,KONDAPUR,KONDAPUR,KONDAPUR,HV-3,EV CHARGING STATIONS,9,1,,0,50.0
18,CYBERCITY,KONDAPUR,KONDAPUR,KONDAPUR,SHILPA VALLY,EV CHARGING STATIONS,9,1,1,0,5.0
19,CYBERCITY,KONDAPUR,KONDAPUR,WHITE FIELD,GACHIBOWLI,EV CHARGING STATIONS,9,1,1,12942,54.0
20,CYBERCITY,KONDAPUR,KONDAPUR,WHITE FIELD,HV WHITEFIELD,EV CHARGING STATIONS,9,1,1,26,52.0
21,CYBERCITY,KONDAPUR,KPHB,BALAJI NAGAR,BALAJINAGAR CT METERS,EV CHARGING STATIONS,9,1,1,7313,56.0
22,CYBERCITY,KONDAPUR,KPHB,BALAJI NAGAR,MOOSAPET,EV CHARGING STATIONS,9,1,1,2992,5.0
23,CYBERCITY,KONDAPUR,KPHB,BALAJI NAGAR,VIVEKNAGAR,EV CHARGING STATIONS,9,1,1,2,5.0
24,CYBERCITY,IBRAHIMBAGH,IBRAHIMBAG,IBRAHIMBAGH,POKALWADA,EV CHARGING STATIONS,9,1,1,7743,5.0
25,CYBERCITY,GACHIBOWLI,GACHIBOWLI,GACHIBOWLI,NANAKRAMGUDA-2,EV CHARGING STATIONS,9,2,2,8090,57.0
26,CYBERCITY,GACHIBOWLI,GACHIBOWLI,NALLAGANDLA,GULMOHAR & DUBE COLONY,EV CHARGING STATIONS,9,1,1,4950,54.0
27,CYBERCITY,GACHIBOWLI,CHANDA NAGAR,CHANDA NAGAR,CHANDANAGAR-HV,EV CHARGING STATIONS,9,1,1,923,22.0
28,CYBERCITY,GACHIBOWLI,CHANDA NAGAR,CHANDA NAGAR,PRKASHNAGAR,EV CHARGING STATIONS,9,1,1,2999,12.0
29,CYBERCITY,GACHIBOWLI,GACHIBOWLI,TARANAGAR,TARANAGAR GOVT,EV CHARGING STATIONS,9,2,2,5956,108.0
30,CYBERCITY,GACHIBOWLI,CHANDA NAGAR,HAFEEZPET,MIYAPUR HV,EV CHARGING STATIONS,9,2,2,4468,95.0
31,CYBERCITY,GACHIBOWLI,CHANDA NAGAR,VASANTH NAGAR,GOPALA NAGAR,EV CHARGING STATIONS,9,1,1,1426,5.0
32,CYBERCITY,GACHIBOWLI,CHANDA NAGAR,VASANTH NAGAR,PRAJAY MEGAPOLIS PVT LTD,EV CHARGING STATIONS,9,2,2,41,4.0
33,CYBERCITY,GACHIBOWLI,GACHIBOWLI,GACHIBOWLI,HV APHB COLONY,EV CHARGING STATIONS,9,1,1,6836,54.0
34,CYBERCITY,GACHIBOWLI,GACHIBOWLI,GACHIBOWLI,HV GACHIBOWLI,EV CHARGING STATIONS,9,3,3,22332,162.0
35,CYBERCITY,GACHIBOWLI,GACHIBOWLI,GACHIBOWLI,HV GOWLI DODDI,EV CHARGING STATIONS,9,1,1,9784,55.0
36,GADWAL,GADWAL,ALAMPUR X ROAD,UNDAVELLY,A.PURCHOWRASTA,EV CHARGING STATIONS,9,3,3,3494,131.0
37,GADWAL,GADWAL,ALAMPUR X ROAD,ITIKYAL(ERRAVALLY),PUTANDODDI,EV CHARGING STATIONS,9,1,1,288,25.0
38,HABSIGUDA,HABSIGUDA,UPPAL,UPPAL,ANNAPURNA NAGAR,EV CHARGING STATIONS,9,1,1,709,54.0
39,HABSIGUDA,HABSIGUDA,HABSIGUDA,MALLAPUR,SEVEN TEMPELS,EV CHARGING STATIONS,9,1,1,1686,54.0
40,HABSIGUDA,HABSIGUDA,HABSIGUDA,MALLAPUR,SRINIVASA SCHOOL,EV CHARGING STATIONS,9,1,1,1364,14.0
41,HABSIGUDA,HABSIGUDA,HABSIGUDA,NACHARAM,CT METERS DOMESTIC AREA,EV CHARGING STATIONS,9,2,2,2063,108.0
42,HABSIGUDA,HABSIGUDA,HABSIGUDA,NACHARAM,IDA NACHARAM,EV CHARGING STATIONS,9,2,2,820,28.65
43,HABSIGUDA,HABSIGUDA,HABSIGUDA,NACHARAM,KOUNDINYA NAGAR,EV CHARGING STATIONS,9,1,1,2526,28.0
44,HABSIGUDA,HABSIGUDA,HABSIGUDA,NACHARAM,NACHARAM HV CT METERS,EV CHARGING STATIONS,9,1,1,17,15.0
45,HABSIGUDA,HABSIGUDA,HABSIGUDA,HABSIGUDA,HBG (CTM),EV CHARGING STATIONS,9,1,1,1636,54.0
46,HABSIGUDA,HABSIGUDA,HABSIGUDA,HABSIGUDA,JAI SANTHOSHI NAGAR,EV CHARGING STATIONS,9,1,1,2794,5.0
47,HABSIGUDA,SAINIKPURI,CHERLAPALLY,CHERLAPALLY-II,N N COLONY,EV CHARGING STATIONS,9,1,1,0,40.0
48,HABSIGUDA,SAINIKPURI,SAINIKPURI,SAINIKPURI,SRINIVAS NAGAR 2,EV CHARGING STATIONS,9,1,1,0,2.0
49,HABSIGUDA,HABSIGUDA,UPPAL,UPPAL BAGAYATH,HV,EV CHARGING STATIONS,9,2,2,6928,83.92
50,HABSIGUDA,SAINIKPURI,CHERLAPALLY,CHERLAPALLY-II,PHASE-IIA (6) OFFICE BACK SIDE,EV CHARGING STATIONS,9,1,1,1196,54.0
51,HABSIGUDA,SAINIKPURI,A S RAO NAGAR,A S RAO NAGAR,KAMALA NAGAR (HV),EV CHARGING STATIONS,9,1,1,2255,54.0
52,HABSIGUDA,SAINIKPURI,A S RAO NAGAR,A S RAO NAGAR,M J COLONY,EV CHARGING STATIONS,9,1,1,3379,17.0
53,HABSIGUDA,SAINIKPURI,SAINIKPURI,KUSHAIGUDA, HV / HV,EV CHARGING STATIONS,9,1,1,0,54.0
54,HABSIGUDA,SAINIKPURI,A S RAO NAGAR,A S RAO NAGAR,ASRAO NAGAR (HV),EV CHARGING STATIONS,9,1,1,3194,54.0
55,HABSIGUDA,SAINIKPURI,A S RAO NAGAR,A S RAO NAGAR,MOULA - ALI (HV),EV CHARGING STATIONS,9,1,1,376,22.0
56,HABSIGUDA,SAINIKPURI,CHERLAPALLY,CHERLAPALLY-I,PHASE-IV(4),EV CHARGING STATIONS,9,1,1,0,54.0
57,HABSIGUDA,SAINIKPURI,A S RAO NAGAR,MOULAALI,HV-I,EV CHARGING STATIONS,9,1,1,403,54.0
58,HABSIGUDA,SAINIKPURI,A S RAO NAGAR,MOULAALI,OLD MOULALI,EV CHARGING STATIONS,9,1,1,832,12.0
59,HABSIGUDA,SAINIKPURI,A S RAO NAGAR,MOULAALI,SADULLA NAGAR,EV CHARGING STATIONS,9,1,1,5,5.0
60,HABSIGUDA,SAINIKPURI,A S RAO NAGAR,MOULAALI,UPPERGUDA,EV CHARGING STATIONS,9,2,2,0,4.0
61,HABSIGUDA,HABSIGUDA,UPPAL,UPPAL,UPPAL,EV CHARGING STATIONS,9,1,1,3916,54.0
62,HABSIGUDA,SAINIKPURI,SAINIKPURI,SAINIKPURI,SAINIKPURI,EV CHARGING STATIONS,9,1,1,2929,54.0
63,HABSIGUDA,SAINIKPURI,SAINIKPURI,YAPRAL,SRI DEVI KALYAN ESTATES,EV CHARGING STATIONS,9,1,1,559,10.0
64,HABSIGUDA,SAINIKPURI,SAINIKPURI,YAPRAL,YAPRAL HV,EV CHARGING STATIONS,9,1,1,520,14.0
65,HABSIGUDA,KEESARA,GHATKESAR,GHATKESAR,GHATKESAR,EV CHARGING STATIONS,9,1,,0,30.0
66,HABSIGUDA,SAINIKPURI,SAINIKPURI,YAPRAL,JJ NAGAR VAMPUGUDA-CT METERS,EV CHARGING STATIONS,9,1,1,5046,25.0
67,HABSIGUDA,SAINIKPURI,SAINIKPURI,YAPRAL,MYTHRI ENCLAVE,EV CHARGING STATIONS,9,1,1,5953,17.0
68,HABSIGUDA,KEESARA,KEESARA,NAGARAM,NAGARAM,EV CHARGING STATIONS,9,1,,0,15.0
69,HYDERABAD CENTRAL,MEHDIPATNAM,GOLCONDA,GOLCONDA,BANJARA DARWAJA,EV CHARGING STATIONS,9,1,1,2813,54.0
70,HYDERABAD CENTRAL,MEHDIPATNAM,MEHDIPATNAM,SURYANAGAR,GRC CT METERS,EV CHARGING STATIONS,9,1,1,1969,54.0
71,HYDERABAD CENTRAL,MEHDIPATNAM,MEHDIPATNAM,SURYANAGAR,GRC HV SURYA NAGAR,EV CHARGING STATIONS,9,1,1,3898,12.0
72,HYDERABAD CENTRAL,MEHDIPATNAM,GOLCONDA,SHAIKPET,GRC CT METERS,EV CHARGING STATIONS,9,1,,0,50.0
73,HYDERABAD CENTRAL,AZAMABAD,AMBERPET,AMBERPET,CT METER,EV CHARGING STATIONS,9,1,1,1888,54.0
74,HYDERABAD CENTRAL,SAIFABAD,SAIFABAD,SOMAJIGUDA,KAPADIA LANE,EV CHARGING STATIONS,9,1,1,1165,22.0
75,HYDERABAD CENTRAL,AZAMABAD,AMBERPET,GOLNAKA,MARUTHI NAGAR,EV CHARGING STATIONS,9,1,1,0,17.0
76,HYDERABAD CENTRAL,SAIFABAD,HYDERGUDA,GUNFOUNDRY,"FATE MAINDAN, K VENUGOPALA CHA",EV CHARGING STATIONS,9,1,1,8248,54.0
77,HYDERABAD CENTRAL,AZAMABAD,BARKATPURA,SHANKARMUTT,CT METER,EV CHARGING STATIONS,9,1,1,3486,54.0
78,HYDERABAD CENTRAL,AZAMABAD,BARKATPURA,SHANKARMUTT,GRC HV SHANKARMUTT,EV CHARGING STATIONS,9,1,1,398,15.0
79,HYDERABAD SOUTH,BEGUM BAZAR,SEETHARAM BAGH,DATTATREYA COLONY,GRCHV DATTACOLONY,EV CHARGING STATIONS,9,1,1,684,18.0
80,HYDERABAD SOUTH,BEGUM BAZAR,TROOP BAZAR,TROOP BAZAR,GRC CT (SLI),EV CHARGING STATIONS,9,1,1,607,54.0
81,HYDERABAD SOUTH,BEGUM BAZAR,BEGUM BAZAR,CHUDI BAZAR,GRCHV CHUDIBAZAR,EV CHARGING STATIONS,9,1,1,315,22.0
82,HYDERABAD SOUTH,BEGUM BAZAR,TROOP BAZAR,PUTLI BOWLI,PUTHLIBOWLI GRC CT METERS,EV CHARGING STATIONS,9,1,1,3547,54.0
83,HYDERABAD SOUTH,CHARMINAR,CHARMINAR,HUSSAINI ALAM,GRC,EV CHARGING STATIONS,9,1,1,1872,17.0
84,HYDERABAD SOUTH,CHARMINAR,FALAKNUMA,FALAKNUMA,GRC,EV CHARGING STATIONS,9,1,1,528,12.0
85,HYDERABAD SOUTH,ASMANGADH,CHANCHALGUDA,CHANCHALGUDA,SHAH COLONY,EV CHARGING STATIONS,9,1,1,1286,12.0
86,HYDERABAD SOUTH,CHARMINAR,MIR ALAM,ATTAPUR,GRC,EV CHARGING STATIONS,9,2,2,523,68.0
87,HYDERABAD SOUTH,CHARMINAR,CHARMINAR,MOGHAL PURA,GRC SERVISES,EV CHARGING STATIONS,9,1,1,2436,10.0
88,HYDERABAD SOUTH,CHARMINAR,MIR ALAM,KISHANBAGH,BHARATH NAGAR,EV CHARGING STATIONS,9,1,1,107,5.0
89,HYDERABAD SOUTH,ASMANGADH,SANTOSH NAGAR,SANTOSHNAGAR,TOTAL HV SERVICES,EV CHARGING STATIONS,9,1,1,714,54.0
90,HYDERABAD SOUTH,CHARMINAR,FALAKNUMA,CHATRINAKA,GRC,EV CHARGING STATIONS,9,1,1,516,12.0
91,MAHABOOBNAGAR,MAHABOOBNAGAR,MBNR-TOWN,TOWN -III,TOWN - III -BN,EV CHARGING STATIONS,9,2,2,1298,14.0
92,MAHABOOBNAGAR,MAHABOOBNAGAR,MBNR-TOWN,TOWN -III,TOWN - III -NA,EV CHARGING STATIONS,9,1,1,181,8.0
93,MAHABOOBNAGAR,MAHABOOBNAGAR,MBNR-TOWN,TOWN -III,TOWN-III AE,EV CHARGING STATIONS,9,1,1,1146,30.0
94,MAHABOOBNAGAR,MAHABOOBNAGAR,MBNR-RURAL,C AND O,APPANNAPALLY,EV CHARGING STATIONS,9,1,1,71,7.0
95,MAHABOOBNAGAR,JADCHERLA,JADCHERLA,JADCHERLA RURAL,JADCHERLA,EV CHARGING STATIONS,9,2,2,3020,82.0
96,MAHABOOBNAGAR,JADCHERLA,JADCHERLA,JADCHERLA RURAL,MACHARAM-J,EV CHARGING STATIONS,9,2,2,4183,104.0
97,MAHABOOBNAGAR,JADCHERLA,JADCHERLA,JADCHERLA RURAL,MALLABOINPALLY,EV CHARGING STATIONS,9,1,1,302,30.0
98,MAHABOOBNAGAR,JADCHERLA,JADCHERLA,ADDAKAL,KATARAM,EV CHARGING STATIONS,9,1,1,1878,54.0
99,MAHABOOBNAGAR,JADCHERLA,RAJAPUR,BALANAGAR,BALANAGAR,EV CHARGING STATIONS,9,1,1,1094,52.0
100,MAHABOOBNAGAR,JADCHERLA,JADCHERLA,JADCHERLA,NAGASALA,EV CHARGING STATIONS,9,1,1,28,25.0
101,MAHABOOBNAGAR,JADCHERLA,RAJAPUR,RAJAPUR,RANGAREDDYGUDA,EV CHARGING STATIONS,9,1,1,136,30.0
102,MEDAK,TOOPRAN,TOOPRAN,TOOPRAN,TOOPRAN,EV CHARGING STATIONS,9,1,1,2284,54.0
103,MEDCHAL,JEEDIMETLA,JEEDIMETLA,BOWRAMPET,HV GM  TO SR X ROAD,EV CHARGING STATIONS,9,1,1,2138,45.0
104,MEDCHAL,JEEDIMETLA,SHAPUR NAGAR,SHAPURNAGAR,IDA JEEDIMETLA,EV CHARGING STATIONS,9,1,1,0,54.0
105,MEDCHAL,JEEDIMETLA,SHAPUR NAGAR,SHAPURNAGAR,PHASE-4 IDA JEEDIMETLA,EV CHARGING STATIONS,9,1,1,17,54.0
106,MEDCHAL,MEDCHAL,QUTBULLAPUR,KOMPALLY,KOMPALLY,EV CHARGING STATIONS,9,1,1,0,30.0
107,MEDCHAL,MEDCHAL,QUTBULLAPUR,KOMPALLY,KOMPALLY HV,EV CHARGING STATIONS,9,1,1,587,22.0
108,MEDCHAL,MEDCHAL,QUTBULLAPUR,JAGADGIRI GUTTA,DEVAMMA BASTHI,EV CHARGING STATIONS,9,1,1,0,2.0
109,MEDCHAL,MEDCHAL,QUTBULLAPUR,KOMPALLY,AMR ROAD CENTRAL PARK,EV CHARGING STATIONS,9,1,1,3348,38.0
110,MEDCHAL,MEDCHAL,QUTBULLAPUR,QUTHBULLAPUR,QPUR VILLAGE AUTOSTAND,EV CHARGING STATIONS,9,1,1,0,2.0
111,MEDCHAL,MEDCHAL,QUTBULLAPUR,QUTHBULLAPUR,QUTHBULLAPUR VILLAGE,EV CHARGING STATIONS,9,1,1,7420,54.0
112,MEDCHAL,MEDCHAL,SHAMEERPET,SHAMEERPET,PEDDAMMA COLONY,EV CHARGING STATIONS,9,1,1,204,8.0
113,MEDCHAL,KUKATPALLY,MIYAPUR,HYDERNAGAR,HYDERNAGAR CT METERS,EV CHARGING STATIONS,9,2,2,21489,68.0
114,MEDCHAL,KUKATPALLY,MIYAPUR,HYDERNAGAR,MAYURI NAGAR,EV CHARGING STATIONS,9,1,1,0,2.0
115,MEDCHAL,MEDCHAL,SHAMEERPET,SHAMEERPET,THUMUKUNTA,EV CHARGING STATIONS,9,1,1,135,30.0
116,MEDCHAL,KUKATPALLY,MIYAPUR,MIYAPUR,MYP CT,EV CHARGING STATIONS,9,1,1,3234,54.0
117,MEDCHAL,KUKATPALLY,KUKATPALLY,ALLWYN COLONY,PAPARAYUDU NAGAR-2,EV CHARGING STATIONS,9,1,1,2659,20.0
118,MEDCHAL,KUKATPALLY,MIYAPUR,NIZAMPET,NIZAMPET CT,EV CHARGING STATIONS,9,1,1,1448,45.0
119,MEDCHAL,KUKATPALLY,MIYAPUR,VEMANA COLONY,CTMETER,EV CHARGING STATIONS,9,1,1,3020,20.0
120,MEDCHAL,KUKATPALLY,KUKATPALLY,KUKATPALLY, NON CT (KKP),EV CHARGING STATIONS,9,1,1,6131,22.0
121,MEDCHAL,MEDCHAL,MEDCHAL,MEDCHAL RURAL,ATTIVELLY HV,EV CHARGING STATIONS,9,2,2,917,75.0
122,MEDCHAL,MEDCHAL,SHAMEERPET,ALIABAD,THURKAPALLY,EV CHARGING STATIONS,9,1,1,372,54.0
123,MEDCHAL,KUKATPALLY,MIYAPUR,BACHUPALLY,CT&HV,EV CHARGING STATIONS,9,1,1,13,22.0
124,MEDCHAL,KUKATPALLY,MIYAPUR,HYDERNAGAR,B K ENCLAVE,EV CHARGING STATIONS,9,1,1,2457,5.0
125,NAGARKURNOOL,NAGARKURNOOL,KALWAKURTHY,VANGOOR,VELUMALA PALLY,EV CHARGING STATIONS,9,1,1,4367,54.0
126,NALGONDA,NALGONDA,NALGONDA RURAL,CHITYAL,VATTIMARTHY,EV CHARGING STATIONS,9,1,1,629,54.0
127,NALGONDA,NALGONDA,NALGONDA,NALGONDA TOWN III,GANDHAMVARIGUDA,EV CHARGING STATIONS,9,1,1,130,25.0
128,NALGONDA,NALGONDA,NALGONDA RURAL,NARKETPALLY,GOPALAIPALLY,EV CHARGING STATIONS,9,1,1,3644,54.0
129,NALGONDA,NALGONDA,NALGONDA,NALGONDA TOWN III,NALGONDA-DVK ROAD,EV CHARGING STATIONS,9,1,1,1083,30.0
130,NALGONDA,NALGONDA,NALGONDA RURAL,NARKETPALLY,NARKETPALLY TOWN2,EV CHARGING STATIONS,9,1,1,16,18.0
131,NALGONDA,NALGONDA,NAKREKAL,KATTANGUR,PAMANGUNDLA,EV CHARGING STATIONS,9,2,2,28,48.0
132,NALGONDA,NALGONDA,NALGONDA RURAL,CHITYAL,GUNDRAMPALLY,EV CHARGING STATIONS,9,2,2,28,50.0
133,NALGONDA,NALGONDA,NALGONDA RURAL,CHITYAL,PEDDAKAPARTHY,EV CHARGING STATIONS,9,3,3,2251,159.0
134,NALGONDA,DEVARAKONDA,DEVARAKONDA,KONDA MALLEPALLY,SAGAR ROAD JP,EV CHARGING STATIONS,9,1,1,728,30.0
135,NALGONDA,MIRYALGUDA,VEMULAPALLY,MADUGULAPALLY,KOTTAGUDEM,EV CHARGING STATIONS,9,1,1,877,25.0
136,RAJENDRA NAGAR,SHADNAGAR,SHADNAGAR,SHADNAGAR RURAL,CHATTANPALLY,EV CHARGING STATIONS,9,2,2,0,60.0
137,RAJENDRA NAGAR,RAJENDRA NAGAR,GAGANPAHAD,GAGANPAHAD,GAGANPAHAD,EV CHARGING STATIONS,9,1,1,856,22.0
138,RAJENDRA NAGAR,RAJENDRA NAGAR,RAJENDRANAGAR,RAJENDERNAGAR,UPPER PALLY VILLAGE,EV CHARGING STATIONS,9,1,1,0,5.0
139,RAJENDRA NAGAR,KANDUKUR,MAMIDIPALLY,MAHESHWARAM,IMAMGUDA,EV CHARGING STATIONS,9,1,1,153,15.0
140,RAJENDRA NAGAR,RAJENDRA NAGAR,GAGANPAHAD,MD PALLY,MAILRADEVPALLY,EV CHARGING STATIONS,9,2,2,6252,89.0
141,RAJENDRA NAGAR,RAJENDRA NAGAR,GAGANPAHAD,MD PALLY,URRAM GADDA,EV CHARGING STATIONS,9,2,2,4382,10.0
142,RAJENDRA NAGAR,KANDUKUR,MAMIDIPALLY,BALAPUR,SHAHEEN NAGAR II,EV CHARGING STATIONS,9,1,1,2,15.0
143,RAJENDRA NAGAR,RAJENDRA NAGAR,GAGANPAHAD,SHASTRIPURAM,SHASTRIPURAM,EV CHARGING STATIONS,9,1,1,2097,5.0
144,RAJENDRA NAGAR,RAJENDRA NAGAR,SHAMSHABAD,SHAMSHABAD,NEW SHAMSHABAD,EV CHARGING STATIONS,9,1,1,519,49.0
145,RAJENDRA NAGAR,KANDUKUR,MAMIDIPALLY,MAHESHWARAM,SRINAGAR,EV CHARGING STATIONS,9,2,2,5286,84.0
146,RAJENDRA NAGAR,KANDUKUR,AMANGAL,AMANGAL,AMANGAL(HV),EV CHARGING STATIONS,9,1,1,1276,40.0
147,RAJENDRA NAGAR,KANDUKUR,MAMIDIPALLY,MAHESHWARAM,THUMMALOOR,EV CHARGING STATIONS,9,1,1,4399,54.0
148,RAJENDRA NAGAR,KANDUKUR,MAMIDIPALLY,KANDUKUR,KOTHAGUDA GATE,EV CHARGING STATIONS,9,1,1,105,15.0
149,RAJENDRA NAGAR,KANDUKUR,MAMIDIPALLY,PAHADISHARIFF,MAMIDIPALLY,EV CHARGING STATIONS,9,1,1,0,54.0
150,SANGAREDDY,SANGAREDDY,SANGAREDDY,KANDI,KANDI,EV CHARGING STATIONS,9,1,1,893,30.0
151,SANGAREDDY,ZAHEERABAD,ZAHEERABAD TOWN,MANNAPUR,C T METERS,EV CHARGING STATIONS,9,2,2,1003,79.0
152,SANGAREDDY,SANGAREDDY,SANGAREDDY,SANGAREDDY TOWN-I,HV-I,EV CHARGING STATIONS,9,1,1,72,30.0
153,SANGAREDDY,ZAHEERABAD,ZAHEERABAD TOWN,ZAHEERABAD RURAL,HUGGELLI,EV CHARGING STATIONS,9,1,1,8659,54.0
154,SANGAREDDY,SANGAREDDY,ISNAPUR,ISNAPUR,AKHIL FORM (CHITKUL),EV CHARGING STATIONS,9,1,1,3,7.0
155,SANGAREDDY,SANGAREDDY,ISNAPUR,ISNAPUR,CHITKUL VILLAGE(CHITKUL),EV CHARGING STATIONS,9,1,1,61,3.0
156,SANGAREDDY,SANGAREDDY,ISNAPUR,ISNAPUR,ISNP HV-2,EV CHARGING STATIONS,9,1,,0,22.0
157,SANGAREDDY,SANGAREDDY,ISNAPUR,ISNAPUR,ISNP HV-4,EV CHARGING STATIONS,9,1,1,350,25.0
158,SANGAREDDY,ZAHEERABAD,ZAHEERABAD TOWN,KOHEER,DIGWAL,EV CHARGING STATIONS,9,1,1,495,30.0
159,SANGAREDDY,JOGIPET,NARAYANKHED,NARAYANKHED,NARAYANKHED TOWN 2,EV CHARGING STATIONS,9,1,1,264,30.0
160,SANGAREDDY,SANGAREDDY,SADASIVPET,MUNIPALLY,KAMKOLE,EV CHARGING STATIONS,9,1,1,224,51.0
161,SANGAREDDY,SANGAREDDY,SADASIVPET,SADASIVPET,PEDDAPUR,EV CHARGING STATIONS,9,1,1,0,31.0
162,SANGAREDDY,SANGAREDDY,SADASIVPET,SADASIVPET,PREMANANDAM JLM,EV CHARGING STATIONS,9,1,1,2458,54.0
163,SANGAREDDY,SANGAREDDY,SADASIVPET,SADASIVPET RURAL,SURARAM,EV CHARGING STATIONS,9,1,1,0,30.0
164,SANGAREDDY,SANGAREDDY,SADASIVPET,KONDAPUR,KDPR HV 3,EV CHARGING STATIONS,9,2,2,271,60.0
165,SANGAREDDY,JOGIPET,JOGIPET,ANDOLE,ANDOLE,EV CHARGING STATIONS,9,1,1,240,30.0
166,SANGAREDDY,PATANCHERU,RC PURAM,M.I.G.,M I G H,EV CHARGING STATIONS,9,1,1,9407,54.0
167,SAROORNAGAR,IBRAHIMPATNAM,TURKAYAMJAL,ABDULLAPURMET,KOTHA GUDA,EV CHARGING STATIONS,9,1,1,0,54.0
168,SAROORNAGAR,CHAMPAPET,CHAMPAPET,CHAMPAPET,HV CPT SOUTH,EV CHARGING STATIONS,9,1,1,178,22.0
169,SAROORNAGAR,CHAMPAPET,CHAMPAPET,CHAMPAPET,S N REDDY NAGAR,EV CHARGING STATIONS,9,1,1,833,30.0
170,SAROORNAGAR,CHAMPAPET,CHAMPAPET,CHAMPAPET,SRINIVASACOLONY(L),EV CHARGING STATIONS,9,1,1,5391,5.0
171,SAROORNAGAR,CHAMPAPET,VANASTHALIPURAM,VANASTHALIPURAM,NGO S COLONY,EV CHARGING STATIONS,9,2,2,6016,108.0
172,SAROORNAGAR,CHAMPAPET,VANASTHALIPURAM,VANASTHALIPURAM,R.S.S.GROUNDS,EV CHARGING STATIONS,9,1,1,2925,54.0
173,SAROORNAGAR,IBRAHIMPATNAM,TURKAYAMJAL,TURKAYAMZAL,NADERGUL,EV CHARGING STATIONS,9,1,1,28,30.0
174,SAROORNAGAR,CHAMPAPET,VANASTHALIPURAM,VANASTHALIPURAM,"SECTOR-5,NGOS COLONY",EV CHARGING STATIONS,9,1,1,2783,54.0
175,SAROORNAGAR,CHAMPAPET,VANASTHALIPURAM,VANASTHALIPURAM,VIJAYAPURI COLONY PHASE - I,EV CHARGING STATIONS,9,1,1,656,54.0
176,SAROORNAGAR,IBRAHIMPATNAM,TURKAYAMJAL,ABDULLAPURMET,BATA SINGARAM,EV CHARGING STATIONS,9,1,1,0,30.0
177,SAROORNAGAR,SAROORNAGAR,SAROORNAGAR,RAMAKRISHNAPURAM,VIJAYA PURI,EV CHARGING STATIONS,9,1,1,66,54.0
178,SAROORNAGAR,SAROORNAGAR,SAROORNAGAR,SAROORNAGAR,VENKATESWARA COLON,EV CHARGING STATIONS,9,1,1,1756,12.0
179,SAROORNAGAR,SAROORNAGAR,L B NAGAR,BANDLAGUDA,VIJAYA GARDEN,EV CHARGING STATIONS,9,1,1,577,54.0
180,SAROORNAGAR,SAROORNAGAR,L B NAGAR,L.B.NAGAR,HV-1,EV CHARGING STATIONS,9,1,1,2566,13.0
181,SAROORNAGAR,SAROORNAGAR,L B NAGAR,L.B.NAGAR,JINKALA BAVI,EV CHARGING STATIONS,9,1,1,5253,54.0
182,SAROORNAGAR,SAROORNAGAR,L B NAGAR,L.B.NAGAR,KRISHNA NAGAR-,EV CHARGING STATIONS,9,1,1,1,7.0
183,SAROORNAGAR,SAROORNAGAR,L B NAGAR,BANDLAGUDA,ADARSHNAGAR COLONY,EV CHARGING STATIONS,9,1,1,4240,54.0
184,SAROORNAGAR,SAROORNAGAR,L B NAGAR,L.B.NAGAR,MANIPURI & MASS COLONY,EV CHARGING STATIONS,9,1,1,203,13.0
185,SAROORNAGAR,SAROORNAGAR,L B NAGAR,BANDLAGUDA,BANDLAGUDA,EV CHARGING STATIONS,9,1,1,943,18.0
186,SAROORNAGAR,SAROORNAGAR,L B NAGAR,L.B.NAGAR,S B H COLONY (V-1),EV CHARGING STATIONS,9,1,1,687,54.0
187,SAROORNAGAR,SAROORNAGAR,HAYATHNAGAR,AUTONAGAR,CHANDRAPURI COLONY,EV CHARGING STATIONS,9,1,1,1694,65.0
188,SAROORNAGAR,SAROORNAGAR,HAYATHNAGAR,PEDDA AMBERPET,SAI COLONY,EV CHARGING STATIONS,9,1,1,96,22.0
189,SAROORNAGAR,SAROORNAGAR,HAYATHNAGAR,AUTONAGAR,SRINIVASA NAGAR,EV CHARGING STATIONS,9,1,1,4256,21.0
190,SAROORNAGAR,SAROORNAGAR,HAYATHNAGAR,HAYATH NAGAR,R K PURAM,EV CHARGING STATIONS,9,1,1,0,30.0
191,SECUNDERABAD,PARADISE,JAMES STREET,PARADISE,GRC HIGH VALUE,EV CHARGING STATIONS,9,1,1,152,10.0
192,SECUNDERABAD,PARADISE,PADMA RAO NAGAR,TARNAKA,C T METERS,EV CHARGING STATIONS,9,1,1,3894,40.0
193,SECUNDERABAD,SECUNDERABAD,LALBAZAR,BOLLARUM,CT METERS (GRP-M),EV CHARGING STATIONS,9,1,1,1372,54.0
194,SECUNDERABAD,PARADISE,PADMA RAO NAGAR,TARNAKA,GOKUL NAGAR,EV CHARGING STATIONS,9,1,1,531,5.0
195,SECUNDERABAD,PARADISE,PADMA RAO NAGAR,TARNAKA,GRC HV TARNAKA,EV CHARGING STATIONS,9,1,1,2704,10.0
196,SECUNDERABAD,SECUNDERABAD,LALBAZAR,BOLLARUM,GRC HIGH VALUE (GRP-M),EV CHARGING STATIONS,9,1,1,1187,10.0
197,SECUNDERABAD,PARADISE,PADMA RAO NAGAR,TARNAKA,RAVINDERA NAGAR NORTH,EV CHARGING STATIONS,9,1,1,532,8.0
198,SECUNDERABAD,BOWENPALLY,RR NAGAR,I.D.P.L.,GEETA NGR &VINAYAK NGR (GRP-M),EV CHARGING STATIONS,9,2,2,6002,35.0
199,SECUNDERABAD,BOWENPALLY,RR NAGAR,I.D.P.L.,PRASHANTH NAGAR CLY (GRP-B),EV CHARGING STATIONS,9,2,2,37,4.0
200,SECUNDERABAD,SECUNDERABAD,MAREDPALLY,KARKHANA,CT METERS KARKHANA (GRP-M),EV CHARGING STATIONS,9,1,1,13,54.0
201,SECUNDERABAD,BOWENPALLY,BALANAGAR,FEROZEGUDA,C.T.METER  GRC (GRP-M),EV CHARGING STATIONS,9,1,1,3470,54.0
202,SECUNDERABAD,BOWENPALLY,RR NAGAR,RANGA REDDY NAGAR,ASBESTOS CLY-II 415-812(GRP-B),EV CHARGING STATIONS,9,1,1,0,2.0
203,SECUNDERABAD,PARADISE,JAMES STREET,CLOCK TOWER,GRC HV CLOCK TOWER,EV CHARGING STATIONS,9,1,1,1184,15.0
204,SECUNDERABAD,BOWENPALLY,RR NAGAR,RANGA REDDY NAGAR,GIRI NAGAR (GRP-B),EV CHARGING STATIONS,9,1,1,0,2.0
205,SECUNDERABAD,PARADISE,JAMES STREET,CLOCK TOWER,ONLY CT METERS,EV CHARGING STATIONS,9,2,2,4832,108.0
206,SECUNDERABAD,BOWENPALLY,BOWENPALLY,NEW BOWENPALLY,BORE-ST-GRC(AGL) (GRP-M),EV CHARGING STATIONS,9,1,1,3077,15.0
207,SECUNDERABAD,SECUNDERABAD,LALBAZAR,ALWAL,AYYAPPA NAGAR I (GRP-B),EV CHARGING STATIONS,9,1,1,0,2.0
208,SECUNDERABAD,SECUNDERABAD,LALBAZAR,R.P. NILAYAM,HIGH VALVE-CT METERS (GRP-M),EV CHARGING STATIONS,9,1,1,1814,54.0
209,SECUNDERABAD,SECUNDERABAD,MAREDPALLY,MARREDPALLY,CT METERS (GRP-M),EV CHARGING STATIONS,9,1,1,2044,54.0
210,SIDDIPET,SIDDIPET,SIDDIPET RURAL,SIDDIPET URBAN,PONNAL,EV CHARGING STATIONS,9,1,1,1429,30.0
211,SIDDIPET,GAJWEL,GAJWEL,PREGNAPUR,RIMMANAGUDA,EV CHARGING STATIONS,9,2,2,1243,79.0
212,SIDDIPET,GAJWEL,MULUGU,WARGAL,GOWRARAM,EV CHARGING STATIONS,9,1,1,553,54.0
213,SIDDIPET,SIDDIPET,SIDDIPET TOWN,SIDDIPET TOWN-II,LINGAREDDYPALLY,EV CHARGING STATIONS,9,1,1,449,30.0
214,SURYAPET,SURYAPET,SURYAPET,SURYAPET RURAL,RAYANGUDEM,EV CHARGING STATIONS,9,3,3,5227,160.0
215,SURYAPET,HUZURNAGAR,MUNAGALA,MUNAGALA,AKUPAMLA,EV CHARGING STATIONS,9,1,1,301,45.0
216,SURYAPET,HUZURNAGAR,KODAD,KODAD - TOWN,33/11KV SS OUTDOOR BACK SIDE A,EV CHARGING STATIONS,9,1,1,65,30.0
217,SURYAPET,SURYAPET,SURYAPET,SURYAPET TOWN-I,LI B,EV CHARGING STATIONS,9,1,1,24,15.0
218,SURYAPET,SURYAPET,SURYAPET,SURYAPET TOWN-II,LI 2,EV CHARGING STATIONS,9,1,1,13,15.0
219,SURYAPET,HUZURNAGAR,HUZURNAGAR,HUZURNAGAR TOWN,TEACHERS COLONY,EV CHARGING STATIONS,9,1,1,0,30.0
220,SURYAPET,HUZURNAGAR,KODAD,KODAD - RURAL,DORAKUNTA,EV CHARGING STATIONS,9,1,1,15,18.0
221,SURYAPET,SURYAPET,SURYAPET,SURYAPET RURAL,PILLALAMARRY,EV CHARGING STATIONS,9,1,1,17,18.0
222,WANAPARTHY,WANAPARTHY,KOTHAKOTA,KOTHAKOTA,KANIMETTA,EV CHARGING STATIONS,9,2,2,1109,80.0
223,YADADRI,CHOUTUPPAL,CHOUTUPPAL,CHOUTUPPAL,LINGOJI GUDEM,EV CHARGING STATIONS,9,1,1,143,40.0
224,YADADRI,BHONGIR,BHONGIR,BHONGIR - TOWN,SANJEEVA NAGAR HANMANWADA,EV CHARGING STATIONS,9,1,1,1825,54.0
225,YADADRI,BHONGIR,BHONGIR,BHONGIR _ RURAL,RAIGIR ,EV CHARGING STATIONS,9,3,3,4612,163.0
226,YADADRI,BHONGIR,BHONGIR,BHONGIR _ RURAL,WADAIGUDAM,EV CHARGING STATIONS,9,1,1,201,55.0
